{
	"dayRange": [
		"2018-04-13"
	],
	"topRow": [{
		"current": {
			"totalCustomers": "12000",
			"avgLtv": "7412.25",
			"avgOrders": "2045",
			"reorderFrequency": "885"
		},
		"previous": {
			"totalCustomers": "10000",
			"avgLtv": "6523.32",
			"avgOrders": "3000",
			"reorderFrequency": "995"
		}
	}],
	"customerFunnel": [{
			"label": "Landing",
			"value": "10000"
		},
		{
			"label": "Product View",
			"value": "8215"
		},
		{
			"label": "Added to Cart",
			"value": "5621"
		},
		{
			"label": "Checkout",
			"value": "2145"
		}
	],
	"retentionTable": {
		"20/May/2018": {
			"custCount": "1098",
			"retention": {
				"day0": "100",
				"day1": "33.9",
				"day2": "23.5",
				"day3": "18.7",
				"day4": "15.9",
				"day5": "16.3",
				"day6": "14.2"
			}
		},
		"21/May/2018": {
			"custCount": "1358",
			"retention": {
				"day0": "100",
				"day1": "31.1",
				"day2": "18.6",
				"day3": "14.3",
				"day4": "16.0",
				"day5": "14.9",
				"day6": "0"
			}
		},
		"22/May/2018": {
			"custCount": "1257",
			"retention": {
				"day0": "100",
				"day1": "27.2",
				"day2": "19.6",
				"day3": "14.5",
				"day4": "12.9",
				"day5": "0",
				"day6": "0"
			}
		},
		"23/May/2018": {
			"custCount": "1587",
			"retention": {
				"day0": "100",
				"day1": "17.9",
				"day2": "14.6",
				"day3": "14.8",
				"day4": "0",
				"day5": "0",
				"day6": "0"
			}
		},
		"24/May/2018": {
			"custCount": "1758",
			"retention": {
				"day0": "100",
				"day1": "26.2",
				"day2": "20.4",
				"day3": "0",
				"day4": "0",
				"day5": "0",
				"day6": "0"
			}
		},
		"25/May/2018": {
			"custCount": "1624",
			"retention": {
				"day0": "100",
				"day1": "26.4",
				"day2": "0",
				"day3": "0",
				"day4": "0",
				"day5": "0",
				"day6": "0"
			}
		},
		"26/May/2018": {
			"custCount": "1541",
			"retention": {
				"day0": "100",
				"day1": "0",
				"day2": "0",
				"day3": "0",
				"day4": "0",
				"day5": "0",
				"day6": "0"
			}
		}
	},
	"customerTable": [{
			"customer": "Steve Rogers",
			"city": "New Delhi",
			"ltv": "250",
			"totalOrders": "2",
			"avgQtyPerOrder": "1",
			"purchaseFrequency": "0",
			"lastOrderedDate": "2018-04-13",
			"channel": "Amazon",
			"device": "Mobile"
		},
		{
			"customer": "Bruce Wayne",
			"city": "Lucknow",
			"ltv": "621",
			"totalOrders": "3",
			"avgQtyPerOrder": "3",
			"purchaseFrequency": "0",
			"lastOrderedDate": "2018-04-13",
			"channel": "eBay",
			"device": "Mobile"
		},
		{
			"customer": "Hal Jordan",
			"city": "Bangalore",
			"ltv": "541",
			"totalOrders": "2",
			"avgQtyPerOrder": "1",
			"purchaseFrequency": "0",
			"lastOrderedDate": "2018-04-13",
			"channel": "Flipkart",
			"device": "Tablet"
		},
		{
			"customer": "Tony Stark",
			"city": "Chennai",
			"ltv": "369",
			"totalOrders": "1",
			"avgQtyPerOrder": "1",
			"purchaseFrequency": "0",
			"lastOrderedDate": "2018-04-13",
			"channel": "Amazon",
			"device": "Desktop"
		},
		{
			"customer": "Bruce Banner",
			"city": "Ahemdabad",
			"ltv": "584",
			"totalOrders": "4",
			"avgQtyPerOrder": "2",
			"purchaseFrequency": "0",
			"lastOrderedDate": "2018-04-13",
			"channel": "Amazon",
			"device": "Tablet"
		}
	]
}