{
  "dayRange": [
    "2018-04-13"
  ],
  "orders": [
    {
      "current": {
		"totalOrders": "373",
		"pending": "10",
		"quantitySold": "415",
        "aov": "444",
		"returned": "5"
      },
      "previous": {
		"totalOrders": "231",
		"pending": "15",
		"quantitySold": "400",
        "aov": "121",
		"returned": "30"
      }
    }
  ],
  "customers": [
	{
		"current": {
			"totalCustomers": "389",
			"newCustomers": "151",
			"returningCustomers": "238",
			"altv": "2900"
		},
		"previous": {
			"totalCustomers": "463",
			"newCustomers": "221",
			"returningCustomers": "225",
			"altv": "1200"
		}
	}
  ],
  "payments": [
	{
		"current": {
			"totalPayment": "45000",
			"arpu": "889",
			"refunds": "334",
			"declines": "300",
			"chargeback": "5"
		},
		"previous": {
			"totalPayment": "55000",
			"arpu": "999",
			"refunds": "454",
			"declines": "200",
			"chargeback": "5"
		}
	}
  ],
  "visitors": [
	{
		"current": {
			"totalVisitors": "550",
			"sessions": "690",
			"pagesPerSession": "4",
			"ppcVisits": "15",
			"bounceRate": "8"
		},
		"previous": {
			"totalVisitors": "320",
			"sessions": "250",
			"pagesPerSession": "1",
			"ppcVisits": "12",
			"bounceRate": "12"
		}
	}
  ],
  "deviceSessions": {
	"desktop": "30",
	"tablet": "30",
	"mobile":"60"
  },
  "sales": {
    "current": {
		"totalSales": "20256"
	},
	"previous": {
		"totalSales": "15676"
	},
    "products": {
      "productDetails": [
        {
          "sale": "450",
          "product": "Nike Shoes"
        },
        {
          "sale": "500",
          "product": "iPhone X"
        },
        {
          "sale": "323",
          "product": "Puma Shorts"
        },
		{
          "sale": "400",
          "product": "Wildcraft Bag"
        },
		{
          "sale": "625",
          "product": "Fastrack Watch"
        }
      ]
    },
    "category": {
      "categoryDetails": [
        {
          "sale": "501",
          "categoryName": "Sports"
        },
        {
          "sale": "600",
          "categoryName": "Electronics"
        },
        {
          "sale": "441",
          "categoryName": "Clothing"
        },
		{
          "sale": "225",
          "categoryName": "Footwear"
        },
		{
          "sale": "365",
          "categoryName": "Accessories"
        }
      ]
    }
  },
  "locations": [
    {
      "sale": "15118",
      "city": "USA"
    },
    {
      "sale": "1462",
      "city": "Canada"
    },
    {
      "sale": "1599",
      "city": "Brazil"
    },
    {
      "sale": "1697.00",
      "city": "United Kingdom"
    },
    {
      "sale": "22142.00",
      "city": "India"
    }
  ],
	"metricsReport":{  
	  "Metric Totals":{  
		"ga:users":69.0,
		"ga:sessions":73.0,
		"ga:bounces":46.0,
		"ga:bounceRate":63.013698630136986,
		"ga:avgSessionDuration":111.20547945205479,
		"ga:pageviewsPerSession":2.0684931506849313,
		"ga:avgPageLoadTime":5.304,
		"ga:serverResponseTime":1112.0,
		"ga:avgRedirectionTime":0.053
	  }
	},
  "sourceReport": {
    "{\"ga:source\":\"(direct)\"}":{  
		"ga:users":7.0,
		"ga:sessions":7.0,
		"ga:bounceRate":57.14285714285714,
		"ga:pageviewsPerSession":2.2857142857142856,
		"ga:avgSessionDuration":120.0,
		"ga:transactionsPerSession":0.0,
		"ga:transactions":0.0
	  },
	"{\"ga:source\":\"facebook_com\"}":{  
		"ga:users":1.0,
		"ga:sessions":1.0,
		"ga:bounceRate":0.0,
		"ga:pageviewsPerSession":9.0,
		"ga:avgSessionDuration":365.0,
		"ga:transactionsPerSession":0.0,
		"ga:transactions":0.0
	  },
	  "{\"ga:source\":\"google\"}":{  
		"ga:users":50.0,
		"ga:sessions":53.0,
		"ga:bounceRate":64.15094339622641,
		"ga:pageviewsPerSession":1.7169811320754718,
		"ga:avgSessionDuration":62.283018867924525,
		"ga:transactionsPerSession":0.0,
		"ga:transactions":0.0
	  },
	  "{\"ga:source\":\"in_search_yahoo_com\"}":{  
		"ga:users":1.0,
		"ga:sessions":1.0,
		"ga:bounceRate":0.0,
		"ga:pageviewsPerSession":12.0,
		"ga:avgSessionDuration":2294.0,
		"ga:transactionsPerSession":0.0,
		"ga:transactions":0.0
	  },
	  "{\"ga:source\":\"jsonviewer_stack_hu\"}":{  
		"ga:users":1.0,
		"ga:sessions":1.0,
		"ga:bounceRate":100.0,
		"ga:pageviewsPerSession":1.0,
		"ga:avgSessionDuration":0.0,
		"ga:transactionsPerSession":0.0,
		"ga:transactions":0.0
	  },
	  "{\"ga:source\":\"l_facebook_com\"}":{  
		"ga:users":1.0,
		"ga:sessions":1.0,
		"ga:bounceRate":0.0,
		"ga:pageviewsPerSession":6.0,
		"ga:avgSessionDuration":210.0,
		"ga:transactionsPerSession":0.0,
		"ga:transactions":0.0
	  }
  }
}