{  
          "geoReport":{  
            "{\"ga:country\":\"(not set)\"}":{  
              "ga:visits":4.0
            },
            "{\"ga:country\":\"Australia\"}":{  
              "ga:visits":16.0
            },
            "{\"ga:country\":\"Bahrain\"}":{  
              "ga:visits":2.0
            },
            "{\"ga:country\":\"Bangladesh\"}":{  
              "ga:visits":7.0
            },
            "{\"ga:country\":\"Belgium\"}":{  
              "ga:visits":2.0
            },
            "{\"ga:country\":\"Canada\"}":{  
              "ga:visits":24.0
            },
            "{\"ga:country\":\"China\"}":{  
              "ga:visits":2.0
            },
            "{\"ga:country\":\"Côte d’Ivoire\"}":{  
              "ga:visits":1.0
            },
            "{\"ga:country\":\"Czechia\"}":{  
              "ga:visits":1.0
            },
            "{\"ga:country\":\"Egypt\"}":{  
              "ga:visits":1.0
            },
            "{\"ga:country\":\"France\"}":{  
              "ga:visits":3.0
            },
            "{\"ga:country\":\"Germany\"}":{  
              "ga:visits":13.0
            },
            "{\"ga:country\":\"Hong Kong\"}":{  
              "ga:visits":1.0
            },
            "{\"ga:country\":\"Hungary\"}":{  
              "ga:visits":4.0
            },
            "{\"ga:country\":\"India\"}":{  
              "ga:visits":2261.0
            },
            "{\"ga:country\":\"Ireland\"}":{  
              "ga:visits":8.0
            },
            "{\"ga:country\":\"Italy\"}":{  
              "ga:visits":19.0
            },
            "{\"ga:country\":\"Japan\"}":{  
              "ga:visits":1.0
            },
            "{\"ga:country\":\"Kuwait\"}":{  
              "ga:visits":3.0
            },
            "{\"ga:country\":\"Malaysia\"}":{  
              "ga:visits":37.0
            },
            "{\"ga:country\":\"Mexico\"}":{  
              "ga:visits":1.0
            },
            "{\"ga:country\":\"Morocco\"}":{  
              "ga:visits":1.0
            },
            "{\"ga:country\":\"Nepal\"}":{  
              "ga:visits":1.0
            },
            "{\"ga:country\":\"Netherlands\"}":{  
              "ga:visits":2.0
            },
            "{\"ga:country\":\"New Zealand\"}":{  
              "ga:visits":4.0
            },
            "{\"ga:country\":\"Nigeria\"}":{  
              "ga:visits":5.0
            },
            "{\"ga:country\":\"Norway\"}":{  
              "ga:visits":2.0
            },
            "{\"ga:country\":\"Oman\"}":{  
              "ga:visits":2.0
            },
            "{\"ga:country\":\"Pakistan\"}":{  
              "ga:visits":5.0
            },
            "{\"ga:country\":\"Papua New Guinea\"}":{  
              "ga:visits":1.0
            },
            "{\"ga:country\":\"Peru\"}":{  
              "ga:visits":21.0
            },
            "{\"ga:country\":\"Philippines\"}":{  
              "ga:visits":9.0
            },
            "{\"ga:country\":\"Portugal\"}":{  
              "ga:visits":3.0
            },
            "{\"ga:country\":\"Qatar\"}":{  
              "ga:visits":6.0
            },
            "{\"ga:country\":\"Russia\"}":{  
              "ga:visits":4.0
            },
            "{\"ga:country\":\"Saudi Arabia\"}":{  
              "ga:visits":8.0
            },
            "{\"ga:country\":\"Serbia\"}":{  
              "ga:visits":1.0
            },
            "{\"ga:country\":\"Singapore\"}":{  
              "ga:visits":21.0
            },
            "{\"ga:country\":\"South Africa\"}":{  
              "ga:visits":1.0
            },
            "{\"ga:country\":\"South Korea\"}":{  
              "ga:visits":2.0
            },
            "{\"ga:country\":\"Sri Lanka\"}":{  
              "ga:visits":2.0
            },
            "{\"ga:country\":\"Sweden\"}":{  
              "ga:visits":1.0
            },
            "{\"ga:country\":\"Switzerland\"}":{  
              "ga:visits":4.0
            },
            "{\"ga:country\":\"Taiwan\"}":{  
              "ga:visits":4.0
            },
            "{\"ga:country\":\"Tanzania\"}":{  
              "ga:visits":2.0
            },
            "{\"ga:country\":\"Thailand\"}":{  
              "ga:visits":2.0
            },
            "{\"ga:country\":\"Turkey\"}":{  
              "ga:visits":2.0
            },
            "{\"ga:country\":\"Ukraine\"}":{  
              "ga:visits":4.0
            },
            "{\"ga:country\":\"United Arab Emirates\"}":{  
              "ga:visits":19.0
            },
            "{\"ga:country\":\"United Kingdom\"}":{  
              "ga:visits":18.0
            },
            "{\"ga:country\":\"United States\"}":{  
              "ga:visits":302.0
            },
            "{\"ga:country\":\"Zimbabwe\"}":{  
              "ga:visits":1.0
            }
          }
        }