{
  "dayRange": [
    "2018-04-13"
  ],
  "salesInfo": [
    {
      "current": {
		"totalSales": "102485",
		"newCustomers": "37003",
		"totalCustomers": "65482",
        "totalOrders": "3312"
      },
      "previous": {
		"totalSales": "92514",
		"newCustomers": "40526",
		"totalCustomers": "56214",
        "totalOrders": "2514"
      }
    }
  ],
  "salesSpecifics": [
	{
		"netSales": "22345",
		"quantitySold": "4000",
		"aov": "325",
		"avgSalePerDay": "1200",
		"avgOrderQuantity": "30",
		"returnedQuantityValue": "1000"
  }],
  "bestSellers": [
    {
      "quantitySold": [
        {
          "sale": "1458",
          "quantity": "120",
          "product": "Roller Skates"
        },
        {
          "sale": "9314",
          "quantity": "31",
          "product": "Fidget Spinner"
        },
        {
          "sale": "5214",
          "quantity": "141",
          "product": "Screen Guard"
        },
        {
          "sale": "1452",
          "quantity": "15",
          "product": "Universal Grip Mount"
        },
        {
          "sale": "6524",
          "quantity": "51",
          "product": "Biking Gloves"
        }
      ],
      "sales": [
        {
          "sale": "28192",
          "quantity": "4",
          "product": "Thermal Printer"
        },
        {
          "sale": "27424",
          "quantity": "9",
          "product": "T1-PRO Tripod"
        },
        {
          "sale": "13794",
          "quantity": "6",
          "product": "EC-58 58mm (2 Inches) Printer"
        },
        {
          "sale": "10488",
          "quantity": "51",
          "product": "White Pingo Earphone"
        },
        {
          "sale": "9314",
          "quantity": "31",
          "product": "Mi Band 2 Strap"
        }
      ]
    }
  ],
  "repeatOrderDetails": [
    {
      "product": "DSLR",
      "repeatOrders": "4",
	  "customers": "2"
    },
    {
	  "product": "Seat Cover",
      "repeatOrders": "6",
	  "customers": "3"
    },
    {
      "product": "Pendrive",
      "repeatOrders": "5",
	  "customers": "3"
    },
    {
      "product": "Screen Protector",
      "repeatOrders": "2",
	  "customers": "2"
    },
    {
      "product": "Seinheiser Earphones",
      "repeatOrders": "4",
	  "customers": "2"
    }
  ],
  "returnDetails": [
	{
    "quantitySold": [
        {
          "sale": "24151",
          "quantity": "101",
          "product": "Screen Protector for HTC Desire 610"
        },
        {
          "sale": "9251",
          "quantity": "110",
          "product": "Shock Resistant Protective Case"
        },
        {
          "sale": "4444",
          "quantity": "15",
          "product": "Thermal Receipt Printer"
        },
        {
          "sale": "6652",
          "quantity": "100",
          "product": "Printer USB"
        },
        {
          "sale": "5895",
          "quantity": "35",
          "product": "Thermal Printer"
        }
      ],
      "sales": [
        {
          "sale": "2415",
          "quantity": "101",
          "product": "Monochrome - Desktop"
        },
        {
          "sale": "9584",
          "quantity": "301",
          "product": "USB"
        },
        {
          "sale": "4521",
          "quantity": "250",
          "product": "HTC Desire 610"
        },
        {
          "sale": "3333",
          "quantity": "35",
          "product": "Receipt Printer"
        },
        {
          "sale": "3514",
          "quantity": "114",
          "product": "Apple AirPods - Black"
        }
     ]
	}
  ]
}